Property,Tag,Content,Date,Hour
Work RTSP,Work,,2023/11/06,"AM, PM"
Work Notion,Work,,2023/11/08,"AM, PM"
Work RTSP,Work,,2023/11/07,"AM, PM"
WellKey Navigation View,Work,,2023/09/09,"AM, PM"
WellKey Navigation View,Work,,2023/09/08,"AM, PM"
WellKey Navigation View,Work,,2023/09/07,"AM, PM"
WellKey Navigation View,Work,,2023/09/06,"AM, PM"
WellKey Navigation View,Work,,2023/09/05,"AM, PM"
WellKey Navigation View,Work,,2023/09/04,"AM, PM"
Wellkey Navigation View,Work,,2022/09/27,"AM, PM"
Route OS,Work,,2023/08/24,"AM, PM"
Route OS,Work,,2023/08/23,"AM, PM"
WellKey Custom TabView,Work,,2023/08/30,"AM, PM"
WellKey Search,Work,,2023/08/31,"AM, PM"
Route OS,Work,,2023/08/25,"AM, PM"
Route OS,Work,,2023/08/22,"AM, PM"
DLNA+Cloudflare,Work,,2023/08/21,"AM, PM"
Route OS,Work,,2023/08/10,"AM, PM"
WellKey LOGO,Work,,2023/08/04,"AM, PM"
Route OS,Work,,2023/08/09,"AM, PM"
Route OS,Work,,2023/08/11,"AM, PM"
Work-DLNA,Work,,2023/08/18,"AM, PM"
Work-DLNA,Work,,2023/08/17,"AM, PM"
Route OS,Work,,2023/08/14,"AM, PM"
Route OS,Work,,2023/08/15,"AM, PM"
DLNA+Cloudflare,Work,,2023/08/16,"AM, PM"
Route OS,Work,,2023/08/07,"AM, PM"
Route OS,Work,,2023/08/08,"AM, PM"
WellKey LOGO,Work,,2023/08/03,"AM, PM"
WellKey,Work,,2023/08/02,"AM, PM"
WellKey,Work,,2023/08/01,"AM, PM"
WellKey,Work,,2023/07/31,"AM, PM"
WellKey,Work,,2023/07/30,"AM, PM"
Wellkey,Work,,2023/07/29,"AM, PM"
WellKey,Learning,,2023/07/28,PM
Store Kit 2,Learning,,2023/07/28,AM
WellKey,Work,,2023/07/24,"AM, PM"
WellKey,Work,,2023/07/27,"AM, PM"
WellKey,Work,,2023/07/26,"AM, PM"
WellKey,Work,,2023/07/25,"AM, PM"
Work DLNA了解,Work,,2023/07/21,"AM, PM"
学习Keychian,Work,,2023/07/20,"AM, PM"
🤣 好好工作,Work,认真工作,2023/05/10 3:05 PM (GMT+8),PM
🤣 好好工作,Work,认真工作,2023/05/10 3:05 PM (GMT+8),AM
🤣 好好工作,,认真工作,2023/04/05 10:38 AM (GMT+8),PM
🤣 好好工作,,认真工作,2023/04/05 10:38 AM (GMT+8),AM
🤣 好好工作,,认真工作,2023/04/04 4:27 PM (GMT+8),PM
🤣 好好工作,,认真工作,2023/04/04 4:27 PM (GMT+8),AM
🤣 好好工作,,认真工作,2023/04/03 4:26 PM (GMT+8),PM
🤣 好好工作,,认真工作,2023/04/03 4:26 PM (GMT+8),AM
🤣 好好工作,,认真工作,2023/03/31 5:53 PM (GMT+8),PM
🤣 好好工作,,认真工作,2023/03/31 5:53 PM (GMT+8),AM
🤣 好好工作,,认真工作,2023/03/30 9:32 PM (GMT+8),PM
🤣 好好工作,,认真工作,2023/03/30 9:32 PM (GMT+8),AM
🤣 好好工作,,认真工作,2023/03/29 6:28 PM (GMT+8),PM
🤣 好好工作,,认真工作,2023/03/29 6:28 PM (GMT+8),AM
🤣 好好工作,,认真工作,2023/03/28 8:01 PM (GMT+8),PM
🤣 好好工作,,认真工作,2023/03/28 8:01 PM (GMT+8),AM
🤣 好好工作,,认真工作,2023/03/27 8:50 PM (GMT+8),PM
🤣 好好工作,,认真工作,2023/03/27 4:04 PM (GMT+8),AM
🤣 好好摸鱼,,开心摸鱼,2023/03/24 2:42 PM (GMT+8),PM
🤣 好好工作,,认真工作,2023/03/26 2:40 PM (GMT+8),AM
🤣 好好工作,,认真工作,2023/03/23 2:36 PM (GMT+8),AM
研究如何实现易投屏协议转换data通用方法,Work,迷糊了大端和小端问题,2023/03/16,"AM, PM"
Work 易投屏网络模块,Work,,2023/03/15,"AM, PM"
研究HttpServer,Work,考虑了Vapor,2023/03/08,"AM, PM"
PhotoPicker By AI,Work,,2023/02/23,"AM, PM"
The Moment,Work,,2023/02/17,"AM, PM"
The Moment,Work,,2023/02/15,"AM, PM"
" The Moment",Work,,2023/02/01,PM
NWframework,Work,,2023/02/01,AM
研究条件编译,Work,,2023/01/10,"AM, PM"
Work 年终总结分享,Work,,2023/01/06,"AM, PM"
Work 总结 惊蛰系统,Work,,2023/01/05,"AM, PM"
研究NW.Framework,Work,,2022/12/15,"AM, PM"
研究NW.Framework,Work,,2022/12/14,"AM, PM"
研究NW.Framework,Work,,2022/12/16,"AM, PM"
在家研究NW.Framework,Work,组播内容,2022/12/19,"AM, PM"
NW.Framwork,Work,,2022/12/12,"AM, PM"
NW.Framework,Work,搞懂了读取指定数据的方法和原理，就很顺畅了,2022/12/13,"AM, PM"
network framework,Work,,2022/12/08,"AM, PM"
KryoCocoa,Work,No update for long time,2022/12/06,"AM, PM"
惊蛰系统,Work,了解Kryo，发现有点问题,2022/12/05,"AM, PM"
Linux实践编程第三章,Work,,2022/12/02,"AM, PM"
Linux实践编程第三章,Work,,2022/12/01,"AM, PM"
广州解封,Relax,,2022/11/30,PM
Linux实践编程第二章,Learning,,2022/11/30,"AM, PM"
黄码F**K,Work,,2022/11/29,"AM, PM"
时政 Linux实践编程,Work,,2022/11/28,"AM, PM"
" CSAPP",Work,System IO,2022/11/24,"AM, PM"
" CSAPP",Work,,2022/11/22,"AM, PM"
摸鱼？,Work,,2022/11/23,"AM, PM"
惊蛰系统,Work,SDK获取IP代码,2022/11/21,NG
CSAPP,Work,网络编程,2022/11/21,"AM, PM"
" Apple证书",Work,,2022/11/18,PM
体检,Work,,2022/11/19,AM
惊蛰系统,Work,Apple证书签名,2022/11/18,"AM, PM"
党代会,Work,,2022/11/16,PM
CSAPP,Work,第七章编译,2022/11/17,"AM, PM"
" 惊蛰系统YMLLink",Work,,2022/11/16,AM
研究Apple证书相关,Work,,2022/11/17,AM
CSAPP,Learning,,2022/11/14,PM
Linux编程实践教程,Learning,,2022/11/14,AM
Fish,Work,,2022/11/11,"AM, PM"
惊蛰系统,Work,研究了Workspace等概念,2022/11/07,PM
整理Notion,Work,,2022/11/07,AM
加班,Work,CocoaPods使用,2022/11/05,"AM, PM"
CocoaPods对于项目使用,Work,,2022/11/04,"AM, PM"
研究Gerrit,Work,,2022/11/03,"AM, PM"
搞定AppleOne,Relax,,2022/10/31,"AM, PM"
研究了一天Git,Learning,,2022/10/27,"AM, PM"
一早车上看了三个C++视频,Learning,,2022/10/27,AM
准备再次惊蛰系统,Work,,2022/10/25,"AM, PM"
休假了,Relax,,2022/10/26,"AM, PM"
" Advanced Swift",Learning,Codable,2022/10/24,"AM, PM"
Advance Swift,Learning,Collection,2022/10/20,AM
Advance Swift,Learning,Error处理,2022/10/21,AM
Advance Swift,Learning,Collection,2022/10/19,AM
TEEVE 惊蛰系统,Work,,2022/10/18,PM
Blender,Learning,环宇甜甜圈,2022/10/18,AM
Advanced Swift,Learning,Some and Any,2022/10/17,AM
Blender,Learning,,2022/10/17,PM
协议,Learning,有点看不懂了,2022/10/14,"AM, PM"
Advanced Swift,Learning,,2022/10/13,PM
研究Raycast,Work,有一些心得,2022/10/13,AM
讨论惊蛰系统,Work,,2022/10/12,PM
Advanced Swift,Learning,enum 泛型,2022/10/12,"AM, PM"
Advanced Swift,Learning,属性、函数,2022/10/11,"AM, PM"
Advanced Swift,Learning,,2022/10/10,"AM, PM"
"Advanced Swift ",Learning,,2022/10/09,"AM, PM"
Advanced Swift,Learning,,2022/10/08,PM
摸鱼,Relax,,2022/10/08,AM
Essential C++,Learning,,2022/10/06,"AM, PM"
Advanced Swift,Learning,,2022/10/07,"AM, PM"
回深圳,Relax,,2022/10/05,"AM, PM"
简牍博物馆,Relax,,2022/10/03,AM
梅溪湖,Relax,,2022/10/03,PM
开福寺,Relax,,2022/10/04,AM
回长沙,Relax,,2022/10/02,NG
侯捷C++,Learning,,2022/10/01,"AM, PM"
整理密码,Work,,2022/10/01,NG
Essential C++,Learning,,2022/09/30,"AM, PM"
带了三条小鱼来公司养,Relax,,2022/08/08,"AM, PM"
弄了个小书架还不错,Relax,,2022/09/29,PM
AppleID更改,Work,,2022/09/29,AM
夜晚,Relax,,2022/09/28,NG
惊蛰系统,Work,Essential C++,2022/09/28,PM
摸鱼,Relax,测试一下,2022/09/26,"AM, PM"
摸鱼ing,Relax,哈哈,2022/09/28,AM
侯捷C++,Learning,Essential C++,2022/09/27,"AM, PM"
Work Notion,Work,,2023/11/09,"AM, PM"
Notion API,Work,,2023/11/10,
测试Notion API,Work,,2023/11/10,
第一行代码,Work,,2023/11/13,
摸鱼,Work,,2023/11/14,
Kotlin协程,Work,,2023/11/15,
swift协程,Work,,2023/11/16,
持续集成课程,Work,,2023/11/17,
整理了桌面,Work,,2023/11/17,